{"cameraMode":{"drawMode":0,"name":"Shaded","section":"Shading Mode"},"sceneLighting":true,"audioPlay":false,"sceneViewState":{"m_AlwaysRefresh":false,"showFog":true,"showSkybox":true,"showFlares":true,"showImageEffects":true,"showParticleSystems":true,"showVisualEffectGraphs":true,"m_FxEnabled":true},"in2DMode":false,"pivot":{"x":-1.666693091392517,"y":4.932370662689209,"z":-0.5386018753051758},"rotation":{"x":0.0007004446815699339,"y":-0.9992954730987549,"z":0.03058980591595173,"w":0.023972513154149057},"size":7.946511745452881,"orthographic":false}